id,name,nip,address,Materials
1,Photobug,998-368-18-48,4 Lillian Circle,Cement
2,Zoovu,455-633-96-02,81 Sugar Circle,
3,Youspan,889-773-14-32,86853 Pleasure Lane,
4,Photojam,105-111-98-87,53 Clarendon Trail,
5,Blogspan,721-423-91-48,7755 Little Fleur Crossing,
6,Jaxspan,110-721-53-76,900 Scoville Street,
7,Browsebug,718-173-52-42,6 Warbler Point,
8,Buzzdog,685-766-31-54,4 Waxwing Drive,
9,Skimia,303-762-06-16,4492 Pepper Wood Drive,
10,Omba,000-371-75-28,32238 Kennedy Trail,
11,Shuffledrive,595-835-60-86,29068 Oak Center,
12,Twimbo,734-342-99-20,0411 Stone Corner Way,
13,Dynabox,885-494-26-82,0608 3rd Terrace,
14,Linklinks,235-140-23-06,9459 Arapahoe Point,
15,Skalith,198-463-31-19,7704 Colorado Terrace,
16,Izio,318-660-58-47,241 Kingsford Hill,
17,Geba,915-186-35-35,2690 Anhalt Court,
18,Janyx,921-742-42-21,72954 Mifflin Park,
19,Realbridge,627-233-90-67,850 Oriole Road,
20,Quinu,566-411-99-44,2333 Rowland Junction,
21,Dynabox,369-942-41-62,915 Portage Avenue,
22,Centidel,572-745-19-29,79695 Logan Point,
23,Skinix,861-120-79-73,691 Sheridan Court,
24,Linklinks,221-049-76-41,40 Cody Road,
25,Kazu,565-392-66-50,2370 Clarendon Plaza,
26,Tazzy,884-989-21-04,55178 Merchant Park,
27,Edgetag,080-426-76-94,00 Ludington Parkway,
28,Fanoodle,250-566-93-32,16239 Washington Road,
29,Aimbu,415-908-02-68,9473 Dapin Road,
30,Pixonyx,143-249-95-04,9 4th Center,
31,Jatri,816-929-66-09,34549 Main Street,
32,Photofeed,644-739-61-17,23 Emmet Circle,
33,Buzzdog,759-483-63-21,277 Annamark Place,
34,Zoomzone,516-321-14-83,85 Victoria Road,
35,Meembee,120-457-42-98,431 Coolidge Point,
36,Quire,525-969-15-40,658 Lake View Park,
37,Riffpedia,974-010-69-76,7 Almo Point,
38,Dabfeed,904-528-79-47,01 Erie Park,
39,Chatterbridge,360-990-60-08,79 Vahlen Place,
40,Tagpad,827-204-08-78,1424 Weeping Birch Circle,
41,Vinte,078-774-05-31,76 Shopko Lane,
42,Skipfire,879-706-96-97,196 Delaware Drive,
43,Twinte,106-376-35-06,52924 Anderson Hill,
44,Browsetype,257-955-31-40,92571 Colorado Crossing,
45,Aivee,670-156-96-29,2 Prairieview Place,
46,Pixope,989-310-27-35,825 Holy Cross Junction,
47,Izio,447-767-70-58,06 Debs Way,
48,Omba,116-244-55-40,7827 Mandrake Pass,
49,Camido,192-554-22-69,85 Thierer Hill,
50,Shufflebeat,026-737-86-55,0042 Northfield Crossing,
51,Trudeo,980-692-73-05,0 Spohn Parkway,
52,Muxo,000-211-20-64,929 Hollow Ridge Lane,
53,Kanoodle,573-720-84-97,0 Coolidge Junction,
54,Jabberstorm,100-271-68-24,8 Maple Place,
55,Youbridge,577-282-67-18,0741 Arrowood Hill,
56,Gevee,092-506-37-12,39539 Jana Center,
57,Zoomzone,798-192-40-98,7 Fuller Trail,
58,Skinix,904-500-89-13,5023 Nevada Crossing,
59,Thoughtsphere,678-013-53-63,3 Kensington Plaza,
60,Katz,732-223-26-17,78 Birchwood Crossing,
61,Aibox,562-467-12-33,47 Donald Terrace,
62,Wordify,921-162-99-61,9 Oak Hill,
63,Browseblab,125-873-60-05,0 Corscot Hill,
64,Minyx,143-627-87-10,25785 Bellgrove Place,
65,Blogtags,752-259-60-16,61 Mesta Pass,
66,Trilith,899-750-12-12,108 Springview Circle,
67,Brightdog,394-269-44-75,1786 Autumn Leaf Avenue,
68,Centizu,798-337-59-02,51 Badeau Drive,
69,Meevee,084-936-72-24,1 3rd Alley,
70,Fanoodle,667-120-31-90,1403 Pepper Wood Hill,
71,Jaxbean,823-006-12-99,70634 Park Meadow Plaza,
72,JumpXS,959-420-90-64,29092 Forest Dale Park,
73,Eidel,130-542-85-59,9 Everett Place,
74,Flashpoint,102-514-49-55,9889 Mandrake Lane,
75,Janyx,088-993-72-50,30595 Elmside Pass,
76,Camimbo,112-293-23-10,94 Butterfield Alley,
77,Roombo,929-189-54-44,90274 Prairieview Way,
78,Gigashots,017-453-66-81,2474 Forster Center,
79,Youspan,994-078-72-78,03 Jay Point,
80,Mita,456-231-41-99,4245 Holmberg Trail,
81,Rhyloo,185-213-44-49,4648 Colorado Crossing,
82,Kwimbee,246-063-72-63,5 Oak Valley Court,
83,Innojam,306-609-57-30,692 Oriole Terrace,
84,Muxo,196-971-10-78,1406 Manitowish Court,
85,InnoZ,673-240-15-43,34 Ridge Oak Drive,
86,Layo,565-001-64-32,84481 Roth Crossing,
87,Skimia,626-648-37-71,11 Everett Park,
88,Thoughtstorm,476-368-91-04,2 Carpenter Trail,
89,Demimbu,626-967-67-47,73 Heffernan Alley,
90,Edgetag,683-762-67-46,59990 Schurz Point,
91,Gabtype,672-624-52-19,40346 Banding Street,
92,Topiczoom,419-469-29-57,0 Stone Corner Circle,
93,Jabbercube,143-535-16-49,3250 Transport Plaza,
94,Babblestorm,270-114-03-89,723 Prentice Lane,
95,Wikibox,283-984-29-20,9498 Elgar Trail,
96,Yata,764-528-16-03,88 Superior Terrace,
97,Brainbox,255-500-48-96,813 Evergreen Hill,
98,Devify,760-115-20-29,8919 Waxwing Circle,
99,Camido,223-078-47-77,5 Leroy Avenue,
100,Roombo,314-746-03-42,97672 Di Loreto Center,
101,Viva,261-812-17-57,06540 Dovetail Parkway,
102,Viva,544-707-36-39,9823 Crescent Oaks Drive,
103,Buzzbean,294-683-14-72,46974 Hollow Ridge Drive,
104,Bubblebox,886-090-15-66,9438 Annamark Road,
105,Meezzy,628-074-02-02,137 Shasta Lane,
106,Dabfeed,445-805-79-07,05 Lakewood Gardens Plaza,
107,Photospace,499-065-43-23,70 Holy Cross Terrace,
108,Skiptube,685-905-08-44,9 Loeprich Junction,
109,Blognation,955-979-07-99,04 Prentice Place,
110,Mynte,907-721-90-18,3 Katie Hill,
111,Centidel,016-387-35-74,54 Clove Hill,
112,Shufflebeat,281-558-67-93,8 Buell Place,
113,Gevee,590-068-72-00,9098 Maple Wood Avenue,
114,Aimbo,726-781-82-19,5 Prentice Drive,
115,Flashdog,847-788-34-91,9738 Spenser Parkway,
116,Meetz,556-779-74-63,5 Main Park,
117,Realpoint,101-639-07-89,720 Golf Course Way,
118,Twinder,459-076-04-77,5 Farmco Avenue,
119,Skynoodle,330-469-71-58,5 Miller Alley,
120,Voonder,613-975-28-14,3 Bartillon Junction,
121,Kwideo,416-825-89-20,8151 John Wall Place,
122,Buzzster,617-423-09-17,1929 Talisman Plaza,
123,Browsecat,373-149-71-02,32 Duke Crossing,
124,Wordware,611-512-04-14,9902 Warner Court,
125,Centimia,670-708-59-88,30369 Jenifer Terrace,
126,Quinu,346-509-50-93,19172 Oak Center,
127,Tavu,069-745-69-82,9 Ridge Oak Center,
128,Yabox,983-590-89-64,2087 Lindbergh Pass,
129,Demivee,576-632-03-62,142 Hauk Place,
130,Flipopia,418-553-54-90,17 Loftsgordon Way,
131,Agivu,791-733-96-95,9406 Eastwood Plaza,
132,Quimm,995-784-05-66,4 Kedzie Way,
133,Cogidoo,036-360-00-88,47 Center Crossing,
134,Zoovu,638-029-13-75,112 Badeau Point,
135,Quimba,564-796-87-34,4130 Homewood Alley,
136,Jabberstorm,554-078-39-70,90 Erie Center,
137,Izio,104-436-97-63,46251 Lotheville Point,
138,DabZ,004-630-54-43,26 Carioca Way,
139,Bubblebox,598-038-41-84,077 Ronald Regan Circle,
140,Dazzlesphere,857-526-82-23,16219 Blue Bill Park Trail,
141,Skyble,725-392-71-32,11 Elmside Drive,
142,Kaymbo,444-319-27-95,53523 Hermina Hill,
143,Abatz,859-041-57-71,4914 Clarendon Trail,
144,Youopia,712-637-88-69,56777 Di Loreto Place,
145,Yadel,247-843-24-00,88572 Springview Point,
146,Mybuzz,353-536-82-96,08 Esch Way,
147,Photobean,049-511-48-78,016 Gateway Center,
148,Buzzbean,662-082-02-23,3093 Dawn Park,
149,Wikizz,549-506-38-89,23362 Hovde Hill,
150,Tekfly,643-548-56-01,3599 Packers Lane,
151,Voonix,187-409-23-93,606 Talmadge Pass,
152,Bluejam,995-942-47-26,7857 Fuller Point,
153,Agivu,779-438-56-96,1834 Springs Drive,
154,Topicblab,570-368-99-07,87 Bashford Park,
155,Jazzy,332-202-35-73,9839 Fairfield Trail,
156,Yoveo,396-064-41-05,123 Thompson Hill,
157,Brainverse,415-628-29-75,72413 Bowman Place,
158,Kazio,182-153-24-96,324 Briar Crest Trail,
159,Jaloo,582-774-78-90,41 Westend Pass,
160,Wordpedia,572-736-79-58,532 Vera Drive,
161,Quatz,782-768-34-36,89 Lukken Terrace,
162,Skivee,775-274-76-22,48 Crowley Terrace,
163,Bubblebox,046-432-70-83,16 Kennedy Road,
164,Zazio,688-991-15-61,29794 Burrows Parkway,
165,Bluejam,586-555-09-37,9444 Lakewood Pass,
166,Realpoint,583-569-45-84,09357 Mendota Point,
167,Tanoodle,807-366-50-79,30899 Red Cloud Pass,
168,Eamia,642-112-67-54,39 Pine View Drive,
169,Edgeify,956-045-69-73,78434 Helena Center,
170,Kazio,631-987-70-53,25 Luster Road,
171,Lajo,695-499-38-25,20145 Quincy Road,
172,Mycat,685-620-67-58,3083 Esker Place,
173,Photojam,860-729-97-18,57374 Talmadge Trail,
174,Skiptube,121-596-27-81,90 Anthes Parkway,
175,Gabspot,600-491-36-14,45 Eastlawn Hill,
176,Talane,809-931-72-34,17343 Kingsford Center,
177,Kimia,154-672-53-62,116 Duke Drive,
178,Kwideo,482-304-56-35,5110 Porter Parkway,
179,Dynabox,816-004-75-90,4609 Novick Court,
180,Yakidoo,220-809-97-04,37282 Gerald Hill,
181,Zoomcast,535-922-66-39,03661 Scott Parkway,
182,Divanoodle,688-343-02-12,9463 Talmadge Terrace,
183,Voonder,004-230-37-13,719 Lukken Parkway,
184,Oozz,036-857-89-96,86508 Northview Plaza,
185,Edgeclub,802-651-34-76,86 Beilfuss Trail,
186,Quamba,493-555-26-26,427 Dexter Hill,
187,Fivechat,517-002-76-12,6 Jay Trail,
188,Meemm,777-303-76-68,73811 Orin Road,
189,Bubblemix,313-918-40-09,5799 American Ash Crossing,
190,Blogpad,568-541-52-68,3609 Canary Street,
191,Oyoba,487-257-97-43,5 Charing Cross Crossing,
192,Meembee,437-047-48-98,59 Merchant Road,
193,Linkbuzz,737-156-29-25,19441 Luster Way,
194,Oyonder,199-859-72-84,93 Mifflin Court,
195,Zoonder,197-367-47-35,55 Muir Drive,
196,Browsecat,305-029-87-71,6521 Elka Crossing,
197,Skiptube,445-909-31-50,6012 Pond Street,
198,Vitz,399-987-66-48,217 Commercial Park,
199,Kare,342-847-95-29,67 Redwing Junction,
200,Nlounge,079-934-38-48,096 Carberry Crossing,
201,Photospace,033-649-16-22,91 Brickson Park Crossing,
202,Jazzy,776-905-97-38,670 Pennsylvania Way,
203,Avavee,183-954-88-43,60681 New Castle Place,
204,Muxo,774-763-01-40,10957 Amoth Pass,
205,Pixonyx,773-111-83-29,790 Bartillon Pass,
206,Eazzy,360-279-84-52,13890 Washington Lane,
207,Eazzy,419-599-57-37,3930 Westerfield Park,
208,Realbuzz,451-337-30-18,50156 Bay Terrace,
209,Skinder,242-024-32-52,52 Barby Parkway,
210,Rhybox,425-358-52-91,8 Debra Lane,
211,Janyx,700-063-31-15,7 Loomis Center,
212,Minyx,182-684-77-44,97120 Morrow Junction,
213,Skimia,835-017-25-35,75 Village Avenue,
214,Yakidoo,020-466-35-74,602 Melrose Hill,
215,Quire,660-044-87-06,39 Oxford Trail,
216,Jayo,157-638-07-74,986 6th Plaza,
217,Wordtune,170-700-53-23,82860 Dahle Terrace,
218,Kwilith,138-543-12-79,9348 Dapin Terrace,
219,Fivebridge,318-210-33-39,1 Banding Court,
220,Brainlounge,092-472-56-48,12854 Briar Crest Trail,
221,Skalith,960-891-43-74,8 Lake View Avenue,
222,Meejo,221-581-01-98,83 Bunting Hill,
223,Eazzy,828-962-25-81,1355 Jenna Alley,
224,Brainverse,816-520-86-26,5 Troy Parkway,
225,Vidoo,512-998-46-18,9 Anderson Lane,
226,Eabox,970-319-64-59,6 Artisan Lane,
227,Youbridge,203-772-57-87,6698 Marquette Point,
228,Centizu,389-972-48-71,694 Sutteridge Pass,
229,Centimia,675-359-51-40,1212 Claremont Parkway,
230,Photobug,872-506-30-89,75 Forster Parkway,
231,Vinder,846-131-83-32,4602 Dahle Circle,
232,Topicblab,796-939-52-60,865 Prairie Rose Point,
233,Wikizz,003-841-36-82,9 Anhalt Road,
234,Dynava,370-469-98-56,793 Sommers Way,
235,Photofeed,632-601-37-41,522 Parkside Junction,
236,Flashpoint,874-817-21-52,1 Everett Street,
237,Wordtune,925-173-15-93,49 Tennessee Drive,
238,Zava,686-500-17-67,6 Summerview Trail,
239,Realbuzz,248-858-61-90,4 Ronald Regan Center,
240,Riffpedia,725-454-52-34,422 Helena Circle,
241,Jatri,608-781-41-43,421 Namekagon Place,
242,Quamba,045-536-04-31,27 Chinook Drive,
243,Flashset,360-153-49-85,9 Golf Park,
244,Realpoint,518-666-50-57,46 Shasta Hill,
245,Blogspan,389-955-95-34,33 Lunder Trail,
246,Jaxworks,666-234-32-29,1289 Cottonwood Junction,
247,Skiba,949-264-96-95,1 Grayhawk Drive,
248,Jazzy,233-152-25-27,32890 Monument Crossing,
249,Photobug,295-159-50-43,3814 Spaight Circle,
250,Tagtune,400-193-98-17,1 Johnson Way,
251,Demivee,703-826-85-59,1 Bonner Parkway,
252,Voonder,181-296-51-29,6 Vidon Junction,
253,Feednation,936-989-44-71,7871 Cascade Trail,
254,Mycat,456-079-07-13,095 Anthes Pass,
255,Muxo,455-962-68-16,8489 Derek Road,
256,Topicware,972-474-22-44,83678 Pennsylvania Junction,
257,Abata,411-972-29-71,44 Cottonwood Point,
258,Shufflebeat,181-813-59-86,35870 Pond Drive,
259,Brainsphere,483-869-87-97,8125 Trailsway Road,
260,Browsezoom,200-355-52-74,2 Milwaukee Street,
261,Twinte,566-621-70-69,3575 Welch Parkway,
262,Ooba,894-864-37-98,7 Mitchell Center,
263,Skibox,366-669-29-02,228 Pierstorff Drive,
264,Quaxo,961-393-34-52,5 Lotheville Road,
265,Agimba,240-589-99-33,4023 Loftsgordon Trail,
266,Pixope,103-004-02-71,09 Parkside Road,
267,Npath,369-103-68-11,761 Haas Terrace,
268,Gigaclub,878-826-99-34,187 Homewood Avenue,
269,Devcast,180-781-06-30,1810 Parkside Trail,
270,Leexo,445-165-67-53,5679 Hanover Pass,
271,Bluejam,872-627-76-25,005 Evergreen Park,
272,Babbleset,416-359-24-27,53451 Cherokee Road,
273,Meembee,250-543-49-92,447 Ridgeview Crossing,
274,Dazzlesphere,078-752-44-29,9 Monterey Street,
275,Feedspan,739-041-69-49,2 Morrow Crossing,
276,Meetz,789-933-00-05,363 Fuller Junction,
277,Livepath,650-898-39-12,6 Pankratz Avenue,
278,Tanoodle,191-107-70-22,6 Lerdahl Street,
279,Youbridge,443-077-01-12,76135 Merchant Point,
280,Yamia,819-775-05-22,059 Grover Circle,
281,Topicware,886-124-27-56,30 Pepper Wood Parkway,
282,Mudo,584-123-86-28,880 Oriole Point,
283,Wikido,956-011-29-63,7 Anderson Parkway,
284,Wordify,386-870-08-57,45 Victoria Trail,
285,Yakitri,796-494-62-79,13142 Vidon Street,
286,JumpXS,335-271-22-22,65147 Rutledge Avenue,
287,Edgetag,317-913-55-84,74736 Nelson Road,
288,Pixope,720-144-16-26,30090 Sherman Hill,
289,Bubblebox,388-279-71-95,446 Killdeer Drive,
290,Twitternation,369-036-23-57,0238 Chinook Pass,
291,Babblestorm,879-676-03-25,30983 Onsgard Avenue,
292,Innotype,214-180-10-37,7 Northport Trail,
293,Bluezoom,428-935-27-77,45 Granby Point,
294,Avamba,816-169-04-59,8 Sage Lane,
295,Tambee,788-095-33-83,886 Eagle Crest Plaza,
296,Feedmix,840-819-01-52,2062 Glendale Alley,
297,Abata,627-611-68-45,4261 Fairfield Circle,
298,Thoughtstorm,830-328-89-91,103 Sullivan Center,
299,Oba,609-841-18-78,404 Northwestern Terrace,
300,Mydo,425-641-53-85,4 Main Plaza,
301,Riffwire,214-155-93-20,27 Maryland Point,
302,Pixoboo,921-390-39-07,89 Schiller Plaza,
303,Quamba,015-586-24-36,56926 Thompson Drive,
304,Avavee,692-238-79-38,1 Little Fleur Place,
305,Zoovu,153-758-49-31,1094 Ilene Junction,
306,Layo,026-223-25-26,1 Mayfield Center,
307,Fadeo,412-081-71-13,8125 8th Point,
308,Zoomcast,198-748-56-83,61 Knutson Trail,
309,Gigashots,341-566-41-42,68218 Evergreen Trail,
310,Riffpath,916-624-33-93,546 Merchant Way,
311,Jaxbean,327-802-26-65,0 Stang Trail,
312,Wikizz,141-175-17-03,4 Dexter Court,
313,Lazzy,925-464-58-33,82256 Rockefeller Alley,
314,Dabshots,904-122-04-36,78944 Kensington Lane,
315,Rooxo,870-425-78-68,9540 Norway Maple Lane,
316,Meezzy,507-002-11-40,284 Karstens Trail,
317,Skiptube,687-197-03-44,55293 Sommers Hill,
318,Skiptube,817-099-97-83,61115 Kingsford Street,
319,Divanoodle,591-902-13-79,15 Corscot Way,
320,Cogibox,297-607-69-02,5 Forster Park,
321,Thoughtmix,517-460-51-41,8160 Porter Junction,
322,Feedspan,105-013-17-38,0 Roxbury Point,
323,Tazzy,381-332-83-67,5 Paget Park,
324,Centizu,452-550-42-67,5 Park Meadow Road,
325,Demizz,361-163-48-14,74 Center Street,
326,Yakijo,931-653-03-87,72869 Summit Court,
327,Meeveo,210-365-59-24,821 Schmedeman Road,
328,Jatri,557-315-96-09,99026 Shelley Avenue,
329,Eadel,184-682-38-13,25 Meadow Vale Place,
330,Feedmix,962-961-28-99,88447 Mayfield Street,
331,Wikizz,370-394-94-75,49243 Northfield Trail,
332,Jetwire,838-951-69-93,03 Carey Center,
333,Teklist,462-322-93-26,0 Fremont Plaza,
334,Jaxworks,453-600-32-30,359 Manufacturers Center,
335,Youopia,835-681-12-40,90 Dapin Circle,
336,Youspan,856-722-38-69,762 Wayridge Street,
337,Latz,276-589-86-99,1 Moulton Terrace,
338,Plajo,340-344-75-50,10679 Maywood Road,
339,Topicstorm,433-229-28-37,9 Oak Road,
340,Quinu,607-492-33-17,7585 Center Drive,
341,Thoughtmix,792-754-06-14,399 Florence Parkway,
342,Flashset,832-116-94-70,7196 Acker Hill,
343,Livetube,937-362-99-74,5 Harbort Pass,
344,Thoughtsphere,482-878-28-58,2478 Fallview Point,
345,Zoombox,149-015-39-89,6 Spenser Center,
346,Divanoodle,285-236-65-15,1 Ohio Park,
347,Nlounge,166-819-47-10,3166 Muir Crossing,
348,Buzzshare,222-511-29-31,34150 Transport Point,
349,Voonder,495-956-68-74,14 Utah Lane,
350,Jabbertype,720-486-18-29,3073 Dryden Alley,
351,Topicstorm,766-746-79-01,90 Cambridge Alley,
352,Devshare,533-659-46-97,8928 Riverside Alley,
353,Tagchat,628-422-45-94,76 Dottie Trail,
354,Twiyo,598-355-44-80,01 Utah Point,
355,Demizz,720-499-96-34,5 Iowa Street,
356,Yodoo,851-826-99-84,17513 Anniversary Parkway,
357,Youspan,200-400-82-63,76 Tennessee Place,
358,Browsedrive,683-236-82-34,70 Farwell Point,
359,Oyoba,432-027-03-11,2451 Darwin Alley,
360,Twitterlist,792-557-48-32,6909 Northfield Drive,
361,Realcube,021-570-18-71,06 Westridge Way,
362,Aimbo,576-229-22-42,660 Garrison Trail,
363,Skyndu,126-301-16-93,634 Grayhawk Terrace,
364,Avamba,919-703-74-88,8 Village Road,
365,Snaptags,510-211-11-91,6 Stuart Plaza,
366,Aimbo,165-747-87-15,8874 Stephen Drive,
367,Kazio,273-970-05-83,7171 Jana Avenue,
368,Skinte,196-140-43-64,247 Westend Terrace,
369,Pixoboo,820-773-50-15,8450 Village Hill,
370,Meemm,048-290-64-55,71 Nancy Circle,
371,Wordtune,047-646-03-67,95 Lakewood Gardens Way,
372,Izio,204-302-74-56,44630 Dayton Pass,
373,Aibox,457-322-56-47,9 Mallard Park,
374,Fivechat,686-609-79-81,6145 Vidon Avenue,
375,Photobug,606-842-44-34,9 Nancy Way,
376,Blogpad,868-638-16-03,79721 Gale Park,
377,Livetube,140-742-35-31,2 Lerdahl Way,
378,Voolia,231-038-08-04,7 Holy Cross Place,
379,Buzzshare,026-015-37-82,78 Stang Way,
380,Myworks,106-973-49-97,81 Di Loreto Alley,
381,Dazzlesphere,729-755-39-04,59415 Kenwood Crossing,
382,Podcat,471-892-56-08,555 Grim Court,
383,Realpoint,438-106-72-02,2 Anniversary Drive,
384,Divavu,701-051-21-43,41 2nd Parkway,
385,Avaveo,659-613-37-18,99 Vera Hill,
386,Mymm,978-928-08-54,45637 Pine View Trail,
387,Skipstorm,986-204-29-83,73062 Sutteridge Plaza,
388,Kwinu,781-684-21-69,41676 Mesta Lane,
389,Eimbee,428-124-89-72,99462 Farwell Plaza,
390,Skyvu,991-790-08-12,6 6th Lane,
391,Browsezoom,925-752-85-43,6254 Hoffman Road,
392,Minyx,946-161-19-26,65 Sunbrook Place,
393,Blognation,484-913-58-41,4 Pearson Drive,
394,Mydo,421-520-73-51,7 Superior Avenue,
395,Yodo,277-947-01-75,1761 Anderson Crossing,
396,Yabox,967-644-81-88,2 Fairfield Trail,
397,Nlounge,910-491-79-28,72 Grim Terrace,
398,Oba,427-282-33-14,99 Union Circle,
399,Vipe,358-175-05-96,56993 Meadow Ridge Center,
400,Yakijo,974-498-75-54,93 Bobwhite Place,
401,Skinte,291-174-96-64,7 Memorial Park,
402,Zava,441-006-78-39,1179 Ryan Street,
403,Yodel,582-176-62-95,039 Stephen Plaza,
404,Babblestorm,547-507-74-40,5328 Hanover Court,
405,LiveZ,860-588-35-12,428 Lighthouse Bay Pass,
406,Jaloo,593-372-26-79,12153 Schmedeman Terrace,
407,Oyoyo,366-728-18-70,49 Melody Avenue,
408,Zoombeat,452-054-76-58,63907 Del Mar Point,
409,Skajo,656-048-29-88,90583 John Wall Point,
410,Skidoo,525-137-43-59,9455 Larry Plaza,
411,Topdrive,346-488-51-73,51 Sullivan Hill,
412,Wikizz,942-454-49-88,83 Bunting Junction,
413,Meevee,511-025-21-01,4901 Delladonna Road,
414,Oozz,732-802-02-12,48270 Comanche Drive,
415,Ainyx,078-682-74-77,4 Muir Junction,
416,Skaboo,288-817-60-91,54 Cardinal Street,
417,Babblestorm,310-156-19-02,40389 Sommers Terrace,
418,Minyx,187-030-28-89,00649 Daystar Park,
419,Zazio,893-357-80-95,76 Sommers Avenue,
420,Abata,955-289-02-35,1 Dorton Park,
421,Minyx,805-545-10-68,279 Bunting Street,
422,Wikizz,482-240-44-06,427 Towne Park,
423,Vinder,634-109-12-25,26133 Muir Pass,
424,Youbridge,978-170-26-80,67 Chinook Pass,
425,Zooxo,590-657-12-10,9967 Cordelia Center,
426,Meevee,450-340-96-53,88 Pennsylvania Avenue,
427,Demivee,251-736-52-16,12495 American Hill,
428,Skinder,280-765-79-27,85 Eggendart Terrace,
429,Skynoodle,726-037-68-11,718 Larry Pass,
430,Topicstorm,591-215-72-96,9512 Knutson Junction,
431,Kazio,139-479-53-77,4 Melby Plaza,
432,Yadel,762-218-31-61,15984 Roth Parkway,
433,Kwinu,092-737-59-75,71 Pine View Park,
434,Topicware,864-224-77-73,75352 Mariners Cove Court,
435,Zooveo,077-683-21-81,67 Roxbury Trail,
436,Rhyzio,713-347-73-14,09 Golf View Place,
437,Topicstorm,744-956-07-09,481 Pepper Wood Way,
438,Oba,878-246-75-00,54570 Rowland Parkway,
439,Divape,937-533-17-66,43101 Bonner Point,
440,Janyx,968-193-61-07,3415 Holmberg Drive,
441,Quatz,604-871-25-81,03 Utah Place,
442,Jatri,998-883-90-60,632 Maywood Center,
443,Meeveo,195-849-50-22,90 Randy Court,
444,Abata,783-417-16-83,592 Alpine Road,
445,Brainlounge,115-363-42-99,38821 Springs Parkway,
446,Centizu,627-761-25-43,21 Vera Hill,
447,Mita,002-899-46-93,66 Cordelia Court,
448,Meemm,830-388-37-88,2819 Carioca Place,
449,Meevee,652-777-34-54,1 Reindahl Alley,
450,Edgeblab,817-836-41-32,1519 Fremont Lane,
451,Viva,183-490-82-63,7407 Schmedeman Point,
452,Fatz,065-415-87-21,0787 Prairie Rose Lane,
453,Feedfire,784-986-11-51,747 Lotheville Point,
454,Rhyloo,659-907-05-78,0215 Moulton Alley,
455,Tanoodle,401-728-65-26,59270 Bartillon Park,
456,Livepath,418-243-52-72,4352 Becker Road,
457,Mynte,827-406-85-53,9 Grasskamp Plaza,
458,Eamia,316-781-42-68,529 Goodland Junction,
459,Fatz,713-632-19-49,79930 Farwell Terrace,
460,Photofeed,644-717-48-94,03990 Village Green Circle,
461,Linklinks,298-631-05-99,00 Norway Maple Trail,
462,Minyx,980-172-82-40,73574 Judy Drive,
463,Reallinks,126-605-94-81,8681 Gina Junction,
464,Izio,818-737-63-89,930 Miller Parkway,
465,Zooxo,979-782-04-37,8 Lien Plaza,
466,Eayo,049-471-31-40,3721 Warrior Junction,
467,Edgewire,108-611-03-43,2352 Sugar Center,
468,Janyx,490-172-28-80,18 Kropf Alley,
469,Avamm,726-195-71-73,8 Glacier Hill Plaza,
470,Vinder,752-703-80-63,6193 Prairie Rose Drive,
471,Zoovu,712-892-49-79,42760 Hintze Parkway,
472,Skalith,674-647-91-85,0 Briar Crest Crossing,
473,Brainsphere,548-283-34-54,04 Arkansas Parkway,
474,Jabberbean,651-224-74-67,87 Schiller Junction,
475,Devpoint,331-540-92-60,2601 Melvin Lane,
476,Topicblab,969-461-95-87,9 Arizona Place,
477,Dabfeed,229-389-87-82,50 Quincy Alley,
478,Linkbridge,757-825-31-53,045 International Place,
479,Skyble,958-893-23-93,03 Oneill Avenue,
480,Eadel,437-569-23-92,8 Northport Center,
481,Aibox,409-446-53-87,3680 Oakridge Terrace,
482,Skinte,746-451-80-09,8414 Donald Pass,
483,Yombu,776-656-53-29,4 Anthes Point,
484,Quinu,475-465-84-11,57 Esker Street,
485,Oyoba,947-304-65-84,1831 Columbus Road,
486,Jatri,810-359-77-38,635 Nevada Crossing,
487,Eabox,318-390-04-84,7452 Portage Crossing,
488,Eadel,444-173-10-00,904 Golf View Crossing,
489,Eimbee,646-280-04-36,890 Brown Hill,
490,Katz,248-790-51-36,61 Reindahl Drive,
491,Photojam,548-639-53-02,67 Little Fleur Street,
492,Edgetag,506-866-03-84,494 Summit Alley,
493,Flipbug,639-793-37-09,4237 Fordem Terrace,
494,Tazzy,497-811-24-88,73 Dawn Junction,
495,Skynoodle,128-139-16-84,59 Eastlawn Park,
496,Topicblab,564-693-48-35,01641 Spaight Way,
497,Jaxnation,668-891-02-49,6059 Village Trail,
498,Feedmix,468-755-60-53,62791 Clemons Drive,
499,Skaboo,883-425-50-53,67 Atwood Terrace,
500,Avamm,543-209-86-84,8325 Kings Circle,
501,Topicstorm,444-466-17-06,0 Bartelt Junction,
502,Livepath,379-075-64-96,9495 Talisman Avenue,
503,Twitterbeat,749-057-86-26,54491 Arizona Alley,
504,Brainbox,908-469-66-57,55783 Blue Bill Park Road,
505,Bluezoom,733-216-42-68,25 Mayfield Court,
506,Pixonyx,075-130-14-72,82312 Novick Place,
507,Feedspan,104-407-96-23,719 Sauthoff Terrace,
508,Riffwire,373-240-93-80,92 Warbler Hill,
509,Oyondu,303-914-03-29,5 New Castle Center,
510,Zoozzy,683-181-63-72,1037 Dottie Hill,
511,Miboo,732-544-92-14,065 Starling Terrace,
512,Tagtune,109-234-27-36,27 Sunfield Court,
513,Flipopia,305-952-18-60,03868 Hoepker Junction,
514,Zooxo,522-154-99-59,019 Summerview Drive,
515,Yodel,110-330-49-26,38820 Moland Street,
516,Quaxo,536-560-27-20,432 Upham Avenue,
517,Jaloo,735-820-21-81,35 Merrick Terrace,
518,Skajo,511-490-62-40,495 Quincy Avenue,
519,Thoughtsphere,098-934-02-04,7 Park Meadow Crossing,
520,Leexo,462-646-12-97,34 Surrey Place,
521,Jayo,633-710-91-83,64164 Mccormick Plaza,
522,Youfeed,048-165-19-54,22 Ridge Oak Center,
523,Meetz,994-766-17-47,2031 Debra Place,
524,Realfire,157-914-33-24,96 Parkside Park,
525,Myworks,562-721-12-76,48 Karstens Avenue,
526,Rhyloo,075-732-52-07,3 Pepper Wood Court,
527,Meedoo,828-400-48-71,63 Dexter Plaza,
528,Meemm,252-471-58-31,18 Lerdahl Parkway,
529,Skippad,213-723-32-97,31439 Farwell Avenue,
530,Skimia,904-662-37-95,360 Vahlen Park,
531,Skyndu,355-991-96-56,9285 Sutteridge Avenue,
532,Ainyx,612-036-36-46,8787 Hanson Court,
533,Zoomzone,751-261-43-63,3 Carberry Trail,
534,Zoombox,911-223-85-92,960 Thompson Center,
535,Lajo,528-383-11-38,78715 Summit Place,
536,Brainbox,314-719-76-04,3156 Eagle Crest Center,
537,Mydo,391-426-89-89,33 Tomscot Plaza,
538,Ozu,928-986-69-19,431 Bashford Junction,
539,Devbug,277-649-76-99,63 Hermina Junction,
540,Feedspan,781-811-05-87,708 Victoria Place,
541,Twitterbeat,406-115-15-57,06517 Gina Terrace,
542,Kimia,670-878-76-30,03 Namekagon Drive,
543,Youfeed,294-764-20-56,635 Dapin Point,
544,Quinu,454-796-63-79,551 Luster Junction,
545,Brainsphere,288-483-70-32,463 Westerfield Road,
546,Bubblemix,246-518-23-90,511 Ridge Oak Park,
547,JumpXS,008-752-40-71,0061 Eagle Crest Terrace,
548,Vitz,583-680-25-94,9262 Lillian Lane,
549,Skinder,204-639-07-50,8 2nd Court,
550,Meemm,205-800-99-93,540 Coolidge Plaza,
551,Realcube,314-172-81-32,2515 Green Drive,
552,Feedfish,597-823-76-52,84 Lunder Lane,
553,JumpXS,153-423-29-45,35 Reinke Lane,
554,Innojam,845-853-29-74,17148 Lukken Parkway,
555,Trudoo,023-812-67-47,9 Village Green Road,
556,Tagfeed,293-675-04-34,48093 Oxford Hill,
557,Voonyx,412-610-72-13,13663 Schiller Avenue,
558,Plajo,981-172-86-33,16068 Montana Avenue,
559,Jetpulse,317-977-86-12,522 3rd Way,
560,Aimbo,880-004-38-25,5872 Harper Parkway,
561,Zoonoodle,928-730-26-07,88 Sycamore Way,
562,Camimbo,750-448-62-06,9155 Bluestem Center,
563,Shufflebeat,845-405-69-68,79 Brentwood Park,
564,Devshare,268-707-23-74,2710 Springs Circle,
565,Katz,456-073-80-96,2 Katie Point,
566,Quinu,042-681-47-28,2083 Red Cloud Terrace,
567,Izio,418-161-34-80,2613 Hudson Center,
568,Npath,153-847-84-04,7 Hovde Park,
569,Oozz,211-831-65-02,529 Summit Place,
570,Blogspan,108-225-75-61,23862 Fallview Park,
571,Youspan,342-569-62-14,454 Starling Pass,
572,Yozio,841-326-82-19,6 Tony Pass,
573,Quatz,906-245-35-85,30 Delladonna Lane,
574,Wordpedia,912-266-76-05,3091 Duke Way,
575,Oyoyo,532-820-18-39,252 Mayfield Trail,
576,Yombu,347-726-68-36,40548 Vera Drive,
577,BlogXS,173-929-55-03,46500 Colorado Trail,
578,Katz,506-149-16-50,49 Washington Park,
579,Flashspan,460-720-54-34,01251 Sullivan Way,
580,Twitterwire,978-719-34-47,972 Grasskamp Way,
581,Jaxbean,807-668-69-05,3 Mcguire Road,
582,Skinix,394-714-87-92,8 Oakridge Point,
583,Jaxnation,868-957-68-92,9967 Mallory Pass,
584,Flipbug,001-807-36-62,92550 Mifflin Parkway,
585,Meedoo,694-662-44-28,84 Continental Terrace,
586,Flipstorm,393-203-21-99,9 Porter Street,
587,Rhyloo,425-653-35-77,940 Ridgeview Center,
588,Voonix,344-647-56-69,576 Trailsway Drive,
589,Vinte,859-785-53-81,46675 Graceland Parkway,
590,Izio,686-432-21-69,85544 Columbus Center,
591,Photofeed,037-793-99-05,09 Sauthoff Place,
592,Jabbersphere,855-819-44-27,65 Roth Hill,
593,Camido,116-521-19-63,3 Del Sol Court,
594,Twimm,829-506-51-79,11056 Dixon Circle,
595,Pixoboo,331-415-26-49,5 Warbler Pass,
596,Linklinks,988-360-04-34,35511 Harbort Drive,
597,Jaxspan,034-736-76-51,679 Waywood Plaza,
598,Riffpath,488-013-41-20,7563 Sunfield Way,
599,Yodo,326-066-76-09,45 Kenwood Crossing,
600,Reallinks,608-443-33-24,3741 Morrow Trail,
601,Shuffletag,728-270-32-29,0 Sycamore Lane,
602,Agivu,329-244-40-32,36454 Bellgrove Junction,
603,Meezzy,764-766-25-79,04 Sunbrook Drive,
604,Eayo,116-600-28-86,4 Scoville Drive,
605,InnoZ,980-718-91-40,85716 Russell Pass,
606,Meemm,968-211-25-28,29273 Oxford Park,
607,Meevee,247-992-40-04,30 Hermina Hill,
608,Snaptags,312-346-85-11,8922 Morningstar Lane,
609,Roodel,019-297-01-54,5 Hoard Crossing,
610,Quinu,081-380-52-10,283 Hazelcrest Park,
611,Ntags,187-257-95-17,342 Granby Point,
612,Trunyx,090-713-17-51,292 Warbler Point,
613,Geba,648-729-93-18,0 Beilfuss Trail,
614,Oloo,641-879-27-87,8 Shoshone Pass,
615,Livepath,643-805-12-88,314 Schlimgen Circle,
616,Zoomcast,524-342-22-05,857 International Circle,
617,Jayo,365-285-05-88,5861 Hovde Junction,
618,Vipe,249-542-10-59,26 Vernon Trail,
619,Edgeblab,421-487-74-87,0985 Nova Place,
620,Eare,825-721-58-63,7 Orin Circle,
621,Aimbo,198-496-33-27,40603 Shasta Lane,
622,Avaveo,647-548-30-71,76850 Delladonna Crossing,
623,Kazu,240-038-19-07,328 Scott Lane,
624,Riffwire,483-921-60-08,5426 Dahle Way,
625,Eazzy,558-141-65-03,1 Rowland Crossing,
626,Ntag,692-714-26-71,7 Bay Terrace,
627,Vinder,215-582-72-61,56265 Quincy Court,
628,Photobug,050-373-73-11,21 Messerschmidt Junction,
629,Roodel,582-324-17-18,729 Prairie Rose Terrace,
630,Blogtag,142-802-13-65,57352 Blaine Court,
631,Jayo,049-217-24-19,764 Autumn Leaf Alley,
632,Zoomlounge,255-223-73-18,9314 Mallard Center,
633,Leenti,228-048-35-05,3968 Kenwood Drive,
634,Yoveo,744-923-29-04,0245 Dayton Parkway,
635,Avamm,167-089-10-20,14653 Pond Alley,
636,Thoughtbeat,607-834-43-98,5 Michigan Hill,
637,Zoovu,762-983-05-22,0096 Trailsway Drive,
638,Aimbu,842-328-25-12,02 Sage Drive,
639,Geba,819-659-29-71,524 Farwell Crossing,
640,Fliptune,374-193-42-62,15 Arizona Street,
641,Wordware,014-320-48-85,75 Westend Parkway,
642,Quamba,358-969-69-19,65 Mosinee Center,
643,Jaxworks,705-958-75-14,9 Annamark Crossing,
644,Shuffletag,831-834-84-00,9478 7th Way,
645,Dablist,021-132-67-72,12671 Cambridge Trail,
646,Zoombox,340-284-54-56,875 Raven Court,
647,Twitterlist,385-436-35-67,725 Crest Line Junction,
648,Voomm,324-832-13-99,7 Grover Avenue,
649,Livefish,200-596-83-58,7 Fisk Trail,
650,Photospace,410-725-01-94,033 Utah Way,
651,Jaxworks,972-022-05-54,15433 Village Green Park,
652,Feedbug,992-730-40-50,0783 Carpenter Lane,
653,Twitterworks,749-852-67-70,30618 Pleasure Crossing,
654,Agivu,893-260-76-67,8 Birchwood Road,
655,Tazz,949-507-28-67,890 Fuller Street,
656,Muxo,950-579-87-59,78741 Prentice Circle,
657,Youbridge,643-867-59-91,9972 Hanson Drive,
658,Quinu,353-245-17-10,133 Armistice Junction,
659,Minyx,262-597-80-95,658 Hooker Terrace,
660,Yakitri,430-370-54-67,73 Golf View Drive,
661,Jayo,138-270-64-24,400 Butternut Hill,
662,Voolia,565-721-73-92,90 Waubesa Park,
663,Quatz,174-630-09-01,462 School Hill,
664,Shuffledrive,321-566-69-62,5008 Lunder Plaza,
665,Blognation,120-101-38-96,1 Goodland Trail,
666,Babbleset,163-118-04-09,33859 Butternut Plaza,
667,Vitz,477-617-97-05,77 Erie Court,
668,Dabfeed,644-551-20-04,29 Oak Valley Lane,
669,Talane,685-158-68-04,035 Carpenter Place,
670,Avamm,970-172-97-64,8099 Everett Center,
671,Babbleopia,666-078-22-54,1114 Forest Run Plaza,
672,Bluezoom,235-918-77-15,2 Warbler Circle,
673,Jamia,289-614-22-23,04 7th Plaza,
674,Topiczoom,219-044-70-98,52175 Fuller Drive,
675,Oyope,155-730-03-88,3 Annamark Way,
676,Skilith,472-841-09-35,66548 Lakeland Hill,
677,Yacero,486-695-43-34,0991 Mayer Road,
678,Linktype,879-808-00-34,2649 Barby Court,
679,Minyx,449-794-10-68,9922 Almo Drive,
680,Dabvine,866-297-58-11,53168 Comanche Hill,
681,Pixonyx,508-089-21-42,140 Kipling Court,
682,Yombu,191-797-37-44,23 Kings Center,
683,Jamia,776-061-74-18,73217 Bashford Terrace,
684,Linkbridge,622-097-87-13,9830 Beilfuss Lane,
685,Brainverse,226-183-04-78,0 Wayridge Alley,
686,Skinte,273-864-39-51,6 Lerdahl Park,
687,Voolia,677-985-60-49,7539 Marquette Drive,
688,Rhycero,954-278-12-09,9 Mayfield Terrace,
689,Rhynoodle,073-978-32-89,662 Eliot Junction,
690,Zoomcast,542-720-45-24,7 Dennis Center,
691,Avavee,438-506-64-00,29321 Schurz Pass,
692,Skilith,719-363-83-48,31695 Stephen Place,
693,Miboo,163-226-71-49,89 Blackbird Lane,
694,Blogpad,125-734-85-05,6 Hoepker Terrace,
695,Plajo,277-265-33-81,5 Milwaukee Alley,
696,Rhynyx,094-948-78-87,7348 Jana Junction,
697,Jaxbean,451-444-15-10,26863 Stang Way,
698,Edgeify,935-990-91-52,2623 Lighthouse Bay Street,
699,Wordtune,206-430-10-00,2 Fieldstone Way,
700,Buzzbean,207-276-41-27,23523 Sauthoff Alley,
701,Devify,215-054-50-45,3 Debra Alley,
702,Skyndu,852-714-01-70,80 Russell Center,
703,Eare,488-423-87-28,8421 Melrose Point,
704,Bubbletube,141-250-82-74,4946 Almo Park,
705,Livepath,381-537-57-88,995 Dwight Court,
706,Jetwire,748-425-67-25,4 Heffernan Lane,
707,Feedfish,470-960-78-14,62142 Delaware Way,
708,Topiclounge,208-740-99-79,0489 Lotheville Drive,
709,Meejo,496-545-90-14,749 Judy Road,
710,Yakitri,771-194-09-11,1 Mcguire Point,
711,Blogtags,689-803-48-76,09913 Merrick Way,
712,Twimm,601-217-02-81,6 Stuart Court,
713,Yodel,338-715-39-97,9 Fallview Point,
714,Jabbertype,752-486-26-68,1 American Ash Circle,
715,Tambee,016-505-16-01,9 Heffernan Pass,
716,Skyba,351-494-40-66,7 Bartillon Drive,
717,Skivee,825-283-33-48,2180 Sloan Way,
718,Eazzy,676-012-89-10,3 Carioca Lane,
719,Gevee,931-342-49-17,7492 Westridge Lane,
720,Eadel,956-358-96-66,62928 Esch Lane,
721,Rooxo,083-481-34-23,747 Hovde Hill,
722,Riffpath,257-152-92-99,5 North Park,
723,Thoughtstorm,289-113-95-87,49869 Waywood Pass,
724,Tagpad,228-939-29-45,1589 Ridge Oak Junction,
725,Skidoo,303-713-03-86,9946 Dryden Junction,
726,Skibox,507-210-56-49,07912 Nova Crossing,
727,Thoughtstorm,776-393-89-06,68716 Schlimgen Drive,
728,Thoughtsphere,944-492-52-95,4 Hollow Ridge Drive,
729,Nlounge,688-128-22-30,4 Sauthoff Pass,
730,Blognation,359-009-67-49,5 Dovetail Road,
731,Babbleset,529-383-68-17,8377 Luster Hill,
732,Skippad,177-521-33-35,37683 Atwood Street,
733,Oozz,010-702-74-59,151 Eastlawn Lane,
734,Kaymbo,324-500-36-10,001 Monterey Court,
735,Fliptune,437-798-18-74,8 Amoth Court,
736,Trudeo,910-990-22-50,23455 Northwestern Street,
737,Plambee,202-650-93-41,31 Fairfield Parkway,
738,Zava,868-705-52-60,4239 Little Fleur Trail,
739,Jabberbean,802-662-51-59,6 Burning Wood Hill,
740,Eamia,640-244-23-67,5673 Killdeer Center,
741,Dazzlesphere,283-090-43-57,475 Nevada Plaza,
742,Jabberstorm,671-389-22-89,33075 Cottonwood Place,
743,Bubblebox,309-937-44-79,7344 East Park,
744,Quatz,097-988-37-90,9042 Hauk Hill,
745,Pixonyx,767-615-78-20,67 Service Circle,
746,Eimbee,309-037-93-78,9 Cardinal Trail,
747,Yozio,940-507-46-79,46 Algoma Plaza,
748,Feedfish,972-345-10-92,1 Boyd Parkway,
749,Linkbridge,285-412-02-69,48 Northland Alley,
750,Rhynyx,197-147-17-86,7757 Aberg Way,
751,Skyba,984-706-58-40,5513 Harper Hill,
752,Katz,717-154-28-75,61305 Utah Center,
753,Eadel,516-069-79-10,9 Wayridge Center,
754,Yamia,502-846-54-77,88 Maple Wood Terrace,
755,Gabtype,451-745-84-31,401 Walton Park,
756,Eidel,216-037-42-63,136 Dorton Point,
757,Trilia,421-014-39-70,088 Hoepker Place,
758,Thoughtmix,943-230-56-45,2 6th Plaza,
759,Jamia,963-088-83-27,92759 Blue Bill Park Drive,
760,Meembee,473-292-34-94,85514 Lunder Lane,
761,Photobean,730-721-55-66,00 Brickson Park Crossing,
762,Jabbercube,970-297-44-73,72 Ohio Alley,
763,Oyope,377-453-24-85,18 Little Fleur Avenue,
764,Feedfish,851-403-74-93,9 Erie Trail,
765,Blogpad,196-265-77-52,5 Cambridge Parkway,
766,Blogtag,324-976-36-35,96 6th Street,
767,Eimbee,795-986-44-91,51 Sugar Trail,
768,Tagfeed,231-807-35-15,46 Stone Corner Crossing,
769,Zoonoodle,892-061-69-52,14 Basil Court,
770,Dazzlesphere,398-266-06-01,8 Waubesa Circle,
771,Gigashots,515-592-88-49,54 Dawn Place,
772,Cogidoo,193-650-65-24,6955 Chive Court,
773,Npath,771-939-34-26,397 Hanson Parkway,
774,Meembee,333-795-77-37,34 Toban Trail,
775,Chatterpoint,323-948-25-54,9 Bluestem Plaza,
776,Twitterbeat,660-674-19-41,43 Butterfield Lane,
777,Mynte,218-894-70-51,81 Burning Wood Way,
778,Twitternation,866-662-51-31,61155 La Follette Plaza,
779,Topicblab,631-739-25-27,4980 Debra Plaza,
780,Teklist,272-088-85-38,216 Sutteridge Park,
781,Dabfeed,712-994-97-36,3 Lawn Center,
782,Yabox,843-509-63-72,361 Center Hill,
783,Skilith,869-512-43-64,66015 Morningstar Center,
784,Meedoo,620-461-16-50,2248 Holy Cross Street,
785,Realpoint,197-544-39-76,0 Mosinee Drive,
786,Miboo,813-581-18-47,1140 Novick Lane,
787,Katz,703-965-87-20,97 Dovetail Terrace,
788,Ozu,811-717-27-74,5 Warner Place,
789,Photospace,723-054-31-53,63929 Doe Crossing Circle,
790,Yoveo,914-625-53-15,656 Golden Leaf Parkway,
791,Rhyloo,143-581-35-84,96469 Ramsey Junction,
792,Eidel,752-707-22-91,30 Fremont Way,
793,Viva,112-224-95-66,8695 Iowa Junction,
794,Lajo,704-871-61-25,84 Rockefeller Court,
795,Feedbug,767-300-09-83,263 Amoth Avenue,
796,Eamia,921-278-46-46,20 Kingsford Lane,
797,Rooxo,831-895-96-54,08 Annamark Street,
798,Roodel,669-816-01-14,00910 Northridge Pass,
799,Kare,721-819-89-46,423 Stuart Parkway,
800,Riffpath,037-842-18-29,21 Burning Wood Road,
801,Zoombeat,430-530-57-18,166 High Crossing Hill,
802,Devify,278-098-37-59,4925 Anhalt Trail,
803,BlogXS,655-650-40-29,8 Morning Park,
804,Meembee,493-385-93-89,53277 Cherokee Circle,
805,Wikizz,227-015-85-20,0 Memorial Street,
806,Voolith,917-134-79-56,49 Beilfuss Avenue,
807,Oloo,178-308-28-47,32 Debra Parkway,
808,Feednation,615-970-36-91,3 Aberg Trail,
809,Youtags,714-748-78-19,51 Commercial Way,
810,Mynte,205-671-34-97,700 Stuart Place,
811,Photojam,222-607-42-95,2664 Gale Road,
812,Yotz,757-391-59-59,71847 Hooker Trail,
813,Blogspan,185-987-44-52,6680 Springview Lane,
814,Tavu,373-610-06-86,500 Toban Point,
815,Eamia,544-465-82-03,21435 Independence Street,
816,Rhynoodle,355-022-47-56,4491 Homewood Avenue,
817,Twitterworks,517-983-11-88,63 Kipling Point,
818,Quire,086-842-56-38,91 Talmadge Avenue,
819,Rhycero,745-731-31-52,310 Hazelcrest Street,
820,Twitterbeat,200-466-20-38,29438 Mayfield Alley,
821,Eimbee,713-369-33-68,3 Talisman Center,
822,Feedfire,603-702-32-89,31 Carioca Terrace,
823,Midel,047-224-36-86,93001 Grasskamp Crossing,
824,Brainlounge,714-458-91-13,5529 Menomonie Parkway,
825,Zoomzone,626-433-43-02,6075 Jana Alley,
826,Photofeed,618-674-43-03,08 Atwood Terrace,
827,Ntags,855-309-03-77,82187 Mcguire Lane,
828,Kwideo,976-604-78-91,5529 Iowa Way,
829,Skippad,583-090-25-98,045 Mendota Plaza,
830,Pixonyx,645-956-10-39,7308 Calypso Place,
831,Twitterwire,687-590-99-61,121 Bowman Pass,
832,Oyoloo,529-082-29-53,03 Fuller Crossing,
833,Gigazoom,360-179-29-45,4628 Sunfield Trail,
834,Dabjam,316-555-43-64,7939 Beilfuss Lane,
835,Jabberbean,463-158-31-38,61141 Shoshone Street,
836,Yakitri,898-333-35-73,9206 Utah Court,
837,Yotz,418-762-66-38,7 Chinook Avenue,
838,Voomm,312-214-60-60,93910 Swallow Circle,
839,Trunyx,172-519-24-47,38452 Leroy Road,
840,Skipstorm,218-974-81-98,71 Moland Alley,
841,Cogidoo,863-333-56-98,5715 Becker Park,
842,Yodoo,259-337-92-27,32268 Sutteridge Terrace,
843,Twitterbridge,707-081-81-72,1 Homewood Parkway,
844,Skyvu,713-985-52-76,939 Hallows Center,
845,Kaymbo,608-795-00-43,55808 Corscot Terrace,
846,Ntags,648-584-36-14,99817 Stuart Court,
847,Dabjam,409-955-19-79,14717 Monica Hill,
848,Jaxspan,192-248-05-93,222 Oak Valley Center,
849,Lajo,178-463-28-15,3583 Esker Avenue,
850,Photobean,597-490-34-53,1 Oakridge Center,
851,Flipopia,713-017-45-57,361 Ridge Oak Hill,
852,Zoomzone,551-077-51-95,283 Portage Avenue,
853,Yakitri,245-133-10-45,998 Fulton Circle,
854,Edgeblab,723-827-30-95,1711 Manufacturers Pass,
855,Ozu,898-293-47-38,674 Morrow Center,
856,Myworks,247-934-84-52,7 Walton Junction,
857,Centimia,372-892-01-68,9939 Hermina Street,
858,Photobug,838-966-27-29,96 Anniversary Trail,
859,Avamm,328-388-97-83,49 Reinke Avenue,
860,Yodo,055-051-77-22,0 Cardinal Plaza,
861,Linklinks,568-455-41-65,44 High Crossing Plaza,
862,Katz,357-600-81-20,6157 Aberg Terrace,
863,Skynoodle,260-377-77-50,7 Di Loreto Place,
864,Rhynoodle,606-350-05-57,176 Artisan Hill,
865,Flashpoint,184-120-17-89,041 Grayhawk Pass,
866,Photobean,252-878-44-36,532 Goodland Point,
867,Browsedrive,301-380-22-54,70 Birchwood Court,
868,Mydeo,458-878-06-14,1 Redwing Place,
869,Izio,086-759-38-87,7007 Trailsway Point,
870,Brainbox,200-058-00-42,67793 Carioca Street,
871,Brainlounge,374-883-28-49,65809 Morrow Hill,
872,Yambee,939-275-50-77,26 Jackson Avenue,
873,Jayo,176-460-98-55,7 Katie Park,
874,Podcat,473-368-61-90,3 Manufacturers Lane,
875,Youspan,833-685-44-56,81995 Jenifer Center,
876,Realpoint,039-923-05-99,08 Badeau Point,
877,Skimia,626-797-39-48,15682 Di Loreto Park,
878,Trunyx,758-223-02-54,0 Morning Place,
879,Bubblemix,543-467-50-26,926 Westend Circle,
880,Jaxspan,564-358-63-22,3360 Schurz Plaza,
881,Thoughtbeat,696-244-50-74,5537 Sutteridge Avenue,
882,Gabcube,144-542-24-64,045 Melby Court,
883,Fadeo,951-220-20-36,10165 Sutherland Drive,
884,Realblab,054-764-73-70,6 Arapahoe Crossing,
885,Twitterbeat,384-384-70-88,3366 Mitchell Road,
886,Browseblab,738-330-66-05,27267 Maple Pass,
887,Shufflester,884-365-70-57,97 Hudson Hill,
888,Jaxspan,383-661-60-00,1 Sloan Drive,
889,Oloo,445-495-23-52,84 Loeprich Alley,
890,Thoughtsphere,955-296-44-89,97 Fairview Alley,
891,Mita,168-691-84-80,5 Surrey Pass,
892,Youspan,568-411-09-55,375 Doe Crossing Junction,
893,Zoombeat,524-565-13-45,2649 Transport Drive,
894,Fiveclub,926-155-36-75,15126 Kedzie Trail,
895,Fadeo,384-364-00-40,4 Everett Court,
896,Wikido,845-086-02-02,8468 Golf Course Point,
897,Yakidoo,365-598-14-54,91724 Gale Terrace,
898,Oloo,115-818-17-90,3 Menomonie Drive,
899,Demizz,888-002-35-40,85026 David Court,
900,Wikibox,902-045-16-96,2 Del Mar Plaza,
901,Mynte,014-870-15-48,51 Hermina Avenue,
902,Divanoodle,173-088-72-29,3531 Mccormick Crossing,
903,Jaxworks,201-158-03-45,4 Red Cloud Point,
904,Realfire,851-648-06-10,77576 Elmside Point,
905,Avamba,547-973-65-94,7942 Comanche Park,
906,Gigaclub,978-890-95-99,9 Katie Street,
907,Rhyzio,192-361-24-51,88 Pankratz Avenue,
908,Dablist,088-591-93-90,25734 Jana Center,
909,Jaloo,828-462-38-75,1483 Prairieview Pass,
910,Oyoyo,131-928-74-91,252 Reindahl Crossing,
911,Skippad,735-691-93-08,49 Algoma Trail,
912,Yodel,568-438-93-62,96964 Schurz Plaza,
913,Yodoo,252-391-39-07,3802 Lunder Park,
914,Zoovu,920-166-01-22,3 Annamark Avenue,
915,Centimia,787-781-99-37,8726 Twin Pines Center,
916,Jaxbean,620-100-20-93,64712 Amoth Avenue,
917,Mybuzz,906-423-70-20,754 Merrick Park,
918,Zava,958-724-44-98,12327 Almo Crossing,
919,Yambee,015-042-06-64,24008 Arizona Court,
920,Photofeed,878-446-19-56,9 Meadow Vale Avenue,
921,Flashset,553-117-57-74,981 Delaware Circle,
922,Skyvu,747-749-80-71,322 Mayfield Center,
923,Aimbo,143-302-00-34,2 Columbus Hill,
924,Topicblab,981-323-14-05,64 Northland Place,
925,Snaptags,598-013-82-47,7594 Scott Circle,
926,Omba,413-086-45-19,70 Bunker Hill Place,
927,Yadel,682-008-08-17,4 Sachtjen Way,
928,Gabtune,603-525-14-02,64 Waxwing Lane,
929,Mynte,566-219-91-20,941 Eastlawn Place,
930,Thoughtmix,222-033-40-38,9 Golden Leaf Road,
931,Mynte,048-739-40-06,48864 Clemons Circle,
932,Fivebridge,474-587-90-79,577 Aberg Terrace,
933,Realmix,867-128-61-08,0 Montana Court,
934,Tagcat,349-172-17-35,0 Sycamore Alley,
935,Trilia,496-293-11-68,157 Lillian Trail,
936,Divanoodle,035-844-00-78,167 Division Trail,
937,Katz,514-721-66-08,2 Cordelia Plaza,
938,Quimba,359-985-26-47,3 Havey Trail,
939,BlogXS,762-158-42-05,90914 Kedzie Way,
940,Gigaclub,826-845-93-24,9410 La Follette Alley,
941,Camido,103-275-45-97,7 Fieldstone Parkway,
942,Mynte,419-822-98-04,6 Esker Drive,
943,Dabtype,821-186-18-58,7073 Huxley Junction,
944,Skaboo,597-144-00-16,5 Fuller Lane,
945,Shuffledrive,099-616-80-15,1 Pearson Street,
946,Myworks,097-268-92-26,8548 Novick Place,
947,Wordpedia,703-583-71-11,46 Pankratz Road,
948,Bubbletube,299-321-26-01,959 Eagan Avenue,
949,Teklist,308-786-72-32,15186 Killdeer Junction,
950,Brainsphere,918-701-05-57,7758 Magdeline Park,
951,Zooxo,794-758-32-51,808 Talisman Drive,
952,Edgeify,254-190-73-81,66 Thierer Point,
953,Gigabox,841-750-49-14,5 Forster Lane,
954,Brainlounge,756-274-12-92,0299 Roxbury Place,
955,Trudoo,012-481-28-47,76 Clove Circle,
956,Browsezoom,003-898-97-06,9197 Butternut Point,
957,Meeveo,324-836-24-27,8811 Forest Run Pass,
958,Ainyx,454-062-87-78,02 Jana Avenue,
959,Skimia,412-210-77-34,9 Crescent Oaks Center,
960,Pixonyx,896-795-61-35,49 Manitowish Center,
961,Zooxo,150-630-42-65,4 Bartillon Junction,
962,Kazio,370-552-05-65,12 Buena Vista Way,
963,Trilith,995-226-07-43,77612 Anzinger Point,
964,Feedfish,811-661-54-14,85 Independence Way,
965,Nlounge,571-244-17-90,9 Kenwood Lane,
966,Youfeed,858-615-36-30,746 Fordem Avenue,
967,Leenti,706-063-08-25,1198 Kings Plaza,
968,Browsedrive,474-531-87-06,52 Jackson Alley,
969,Mita,462-035-25-75,449 Coleman Park,
970,Twitterworks,875-213-45-12,553 Sunfield Way,
971,Omba,795-231-86-45,70 Barby Junction,
972,Oyoloo,159-229-57-62,9 Sullivan Way,
973,Roodel,650-666-06-41,3 Holy Cross Court,
974,Centimia,011-947-53-26,3 Sundown Alley,
975,Mybuzz,559-581-45-00,3801 Clarendon Way,
976,Livefish,479-174-32-74,0 Sugar Plaza,
977,Quatz,521-324-88-84,525 Waubesa Hill,
978,Skippad,163-649-40-97,46 Bobwhite Parkway,
979,Roodel,536-310-87-86,826 Carioca Street,
980,Zazio,277-289-81-24,62036 Sheridan Terrace,
981,Ntags,701-393-51-46,19 Melby Road,
982,Youfeed,288-743-98-52,05079 Michigan Street,
983,Jabbercube,644-035-16-76,34 Carberry Circle,
984,Photojam,020-211-47-21,35674 Debra Street,
985,Zoombeat,474-902-11-70,7 Messerschmidt Avenue,
986,Browsetype,611-749-35-49,62 Ridgeview Lane,
987,Youspan,142-029-94-70,8 Hoard Pass,
988,Voomm,470-783-05-77,05140 Sauthoff Place,
989,Jayo,167-561-23-83,919 Gale Circle,
990,Dazzlesphere,013-986-01-38,79 Dovetail Alley,
991,Roombo,432-564-67-33,26 Loftsgordon Terrace,
992,Oyope,418-263-56-73,7891 Welch Center,
993,Realblab,146-810-38-92,062 Morrow Hill,
994,Oyoyo,394-620-58-20,2 Buhler Parkway,
995,Skipstorm,419-641-02-44,16 Grayhawk Park,
996,Kazio,876-585-24-73,46495 Vernon Crossing,
997,Teklist,535-831-34-95,611 Thompson Avenue,
998,Vitz,217-373-07-60,8796 Quincy Pass,
999,Mita,976-283-18-48,8 Paget Plaza,
1000,Kazu,104-617-46-20,50 Cardinal Plaza,
