1,1,glowe0,7EIEZzkMFl,2021-08-02 13:31:23,plr6amjx-1ey4-a8lr-u8xn-1e7eit0qaeiq,0909
2,2,ddislee1,Bzgfs0IJynb,2022-01-25 16:36:30,d6gx8tgm-7z6z-yg4p-zoxi-85mybrgmp874,6937
3,3,arainton2,UFGSJP7isza2,2021-10-08 09:14:24,2onccocq-05yz-sj0q-o6s3-7soncevm95k9,3059
4,4,rlovekin3,jCu6gb,2022-01-25 06:49:48,hlli6u5f-8k8h-c22b-j3vl-7hz7npblhpub,3041
5,5,hbraddon4,bxu2oV4axE9,2022-05-08 01:36:13,p12s3qb9-vbk9-nofu-3hjd-hy4ayyr3nfcj,3320
6,6,rmooney5,crvhO82MtU,2021-11-07 00:53:00,j2c2am4y-tfqh-m92r-c935-bmj7vtew8juw,2311
7,7,npeaseman6,9F6pEhj8u,2022-06-08 07:04:12,jq8k0kfr-vef8-o54q-0x98-i742tzfbuq09,0057
8,8,kriteley7,Blduxy0,2021-11-15 02:24:34,w1y47f8z-syon-8g4q-wmid-21a8mkuc88ai,2402
9,9,cfranzettoini8,SkvEAZ,2021-11-27 15:22:08,8048ogwl-rh45-956w-715h-d2p2yw8q6u2f,7579
10,10,myosifov9,hwF2BTeukuA0,2021-07-18 03:05:57,2823lxxh-jrd5-lphj-756e-mbzw4qxvn48d,4504
11,11,bocallerana,alAOoFmpf,2021-10-25 06:19:16,wf992pjy-oq5a-579r-lt1c-a2rb7eoctuyh,1491
12,12,aswaddleb,7BPIycdn,2021-05-18 22:43:23,xl7yjmvn-ni07-2ot5-s7rx-c11vutpqoj79,3199
13,13,ccaneyc,Af8471,2021-09-26 04:19:27,symm6q9h-ixn2-5uvn-ovi6-ohlpzwa1k6tc,2537
14,14,rsatchd,S13bM2ZRQ6Z,2021-08-14 10:47:17,ktev4ibn-pqs2-o3oh-ynls-r1xz0sp8zfyg,4846
15,15,gjacsone,QoNsHC,2021-11-10 16:56:58,pnunspj0-dheh-2pau-r5yf-b2ufpxmicijd,4239
16,16,swhalleyf,NJx1nR,2022-06-09 02:33:35,5jl0af7d-mhhv-7knz-jzuw-8ctm50cd6z8x,4473
17,17,crittmeierg,sV4jKBlbqK1,2021-10-16 20:42:06,tyhosycy-lwec-xw8l-2jzp-ytofc1q0dm9m,5837
18,18,tsheerh,QNCWTNRKPtu,2021-10-08 17:58:04,c6odjvoa-9vji-wzo8-q9gw-bq6ehkzatooe,3654
19,19,ipiatkowi,xOOWfkjx,2021-06-02 09:14:58,am70xfke-qdhi-8ytt-ey0j-2y6wa1yslpi2,8384
20,20,ebradforthj,iWBjFcrH65w6,2022-03-27 17:17:13,zv6qmvqk-pq6e-gvf9-cz4l-7b1st64yzrdr,6737
21,21,freddickk,atUFOAv,2022-02-27 01:28:36,n2sfikwp-m0s4-0gm1-i21y-dggg6oe6ojq7,4865
22,22,ssabinl,isrDwEc,2021-07-14 11:06:48,u7eggxko-qm9g-8b9h-d774-jbd5lsqzzgjo,2271
23,23,hbollinsm,a62zmSGQnGLu,2022-04-17 00:22:26,14ah6tyd-mh6o-lnfz-wn4w-wgg7jexpntqm,1044
24,24,scamoletton,J3vCtX2aNSN,2021-12-02 04:53:36,v607jey8-ktwa-an4y-g7a3-979bgi34fm44,1329
25,25,gbumpaso,eCYDVWU2Z,2021-06-02 04:20:14,gwtodlpv-636f-4k5e-8n6y-3ls9um94ymym,0645
26,26,rperrycostp,KWqYlpuBF,2021-07-12 23:20:06,svwnfeg9-0ceq-t88o-v1er-i9eilhzzbrrm,6286
27,27,gcockinq,GDjeRbrGNT,2021-09-08 22:37:08,ey9tf3il-e38t-90c9-2h3t-gyod8hndd30w,8493
28,28,croalfer,uUpSHj,2021-11-17 14:36:17,t1rxpagn-2w1q-1t4m-zjm5-jy071htoto06,5495
29,29,smacelroys,0Qepm2,2021-06-21 08:37:08,0q42r9ej-ag1u-ai94-meep-z17o3yxrquu3,4725
30,30,spolet,i98PiPFhqXCk,2021-10-10 10:37:45,h8ts86tr-bi2b-k04d-ascd-lqg4zwu46qku,7568
