1,Guenevere,Lowe,Banyuurip,742 Almo Way,184 784 579,glowe0@de.vu,56600914566
2,Dynah,Dislee,Rouen,5960 Orin Parkway,829 471 951,ddislee1@technorati.com,76849867867
3,Andy,Rainton,Liugong,12 Carpenter Circle,472 157 293,arainton2@wikimedia.org,76047898732
4,Roderic,Lovekin,Guararé,0 Hooker Crossing,860 225 482,rlovekin3@deliciousdays.com,67462588267
5,Hervey,Braddon,Winnica,872 Bunker Hill Junction,345 136 148,hbraddon4@wunderground.com,69610581562
6,Roxine,Mooney,Wilwerwiltz,44 Farragut Pass,763 195 962,rmooney5@state.gov,45450380298
7,Nevsa,Peaseman,Sigu,01028 Huxley Park,239 343 913,npeaseman6@slashdot.org,20588024624
8,Kermit,Riteley,Wewoloe,9 Crownhardt Court,034 115 987,kriteley7@exblog.jp,29294454994
9,Carmine,Franzettoini,‘Abasān al Kabīrah,6263 Melvin Pass,849 379 690,cfranzettoini8@ocn.ne.jp,05668980914
10,Marsiella,Yosifov,Yangdang,9669 Ridgeview Crossing,719 700 982,myosifov9@hc360.com,38193511599
11,Baudoin,O'Calleran,Memphis,9564 Sommers Plaza,678 344 700,bocallerana@topsy.com,74797384497
12,Atlanta,Swaddle,Burao,0 Eastlawn Crossing,256 917 588,aswaddleb@telegraph.co.uk,61039012851
13,Cleopatra,Caney,Jingzhou,56 Londonderry Hill,917 350 351,ccaneyc@csmonitor.com,80940924771
14,Rich,Satch,Gouqi,6 Shopko Street,797 718 150,rsatchd@vinaora.com,57540155883
15,Gale,Jacson,Jianxi,7 Service Alley,958 645 508,gjacsone@wufoo.com,60625634329
16,Shaun,Whalley,Ibarreta,52 Warbler Parkway,301 703 755,swhalleyf@wired.com,74505547558
17,Chicky,Rittmeier,Solna,61483 Hovde Junction,172 053 894,crittmeierg@soup.io,24567751622
18,Tabor,Sheer,Dorotea,46020 Rusk Pass,466 717 894,tsheerh@wikispaces.com,75367436350
19,Ignacio,Piatkow,Kissidougou,685 Melvin Park,858 835 507,ipiatkowi@sphinn.com,99916293810
20,Emma,Bradforth,Mospyne,6 Karstens Lane,429 354 897,ebradforthj@sbwire.com,40994745722
21,Flem,Reddick,Qobustan,32644 Huxley Court,045 945 348,freddickk@1688.com,86955683870
22,Si,Sabin,Quiriquire,27036 Dexter Lane,574 409 097,ssabinl@ehow.com,40542243135
23,Hastie,Bollins,Ledeč nad Sázavou,829 Nobel Alley,474 341 425,hbollinsm@howstuffworks.com,44910005580
24,Shanta,Camoletto,Balingoan,94 Fairview Road,582 137 259,scamoletton@newyorker.com,83916123348
25,Gaylord,Bumpas,Aulnay-sous-Bois,0923 Sutherland Drive,639 325 727,gbumpaso@ezinearticles.com,50540048897
26,Reena,Perrycost,Cuenca,8 Derek Point,685 435 952,rperrycostp@photobucket.com,92595913418
27,Giacobo,Cockin,Olovyannaya,7851 North Court,073 495 564,gcockinq@salon.com,69477295923
28,Conrado,Roalfe,Rimouski,0182 Park Meadow Lane,435 029 141,croalfer@princeton.edu,00081786615
29,Shara,MacElroy,Weishui,545 Rigney Pass,320 814 319,smacelroys@fastcompany.com,86606906768
30,Sapphire,Pole,Kaparéllion,63 Kim Circle,920 817 729,spolet@facebook.com,63204854481
